{
	"Credential": "cf",
	"CF": {
		"Target": "https://api.cf.ap10.hana.ondemand.com",
		"Organization": "a9ae898e-7c91-4565-85ad-48483d7c26d7",
		"Space": "9495526b-d596-4acc-9c0e-3f731ee8d6e1",
		"Deploy": {
			"Destination": [
				{
					"CF": "TRACKING",
					"MDK": "TRACKING",
					"URL": ""
				}
			],
			"Name": "ns.PackedBoxTracking",
			"Version": "1.0.0",
			"AppRouter": "standalone",
			"WebClient": {
				"Runtime": "preview",
				"URL": "https://mdk-webclient-runtime-preview.cfapps.sap.hana.ondemand.com/preview/"
			}
		}
	},
	"MobileService": {
		"Type": "standard",
		"AdminAPI": "https://mobile-service-cockpit-api.cfapps.ap10.hana.ondemand.com/cockpit/v1/org/a9ae898e-7c91-4565-85ad-48483d7c26d7/space/9495526b-d596-4acc-9c0e-3f731ee8d6e1",
		"AppId": "TRACKING",
		"Destination": [
			"TRACKING"
		]
	},
	"Onboarding": {
		"Schema": "sapmobilesvcs",
		"TimeZone": "UTC",
		"URL": "sapmobilesvcs://?AppId=TRACKING&ClientId=b9b11255-6054-4f6f-aea7-e7cbf37bbaab&ServerUrl=https://cloud-foundry-test-libvku6v-dev-tracking.cfapps.ap10.hana.ondemand.com&SapCloudPlatformEndpoint=https://cloud-foundry-test-libvku6v-dev-tracking.cfapps.ap10.hana.ondemand.com&AuthorizationEndpointUrl=https://cloud-foundry-test-libvku6v-dev-tracking.cfapps.ap10.hana.ondemand.com/oauth2/api/v1/authorize&RedirectUrl=https://cloud-foundry-test-libvku6v-dev-tracking.cfapps.ap10.hana.ondemand.com&TokenUrl=https://cloud-foundry-test-libvku6v-dev-tracking.cfapps.ap10.hana.ondemand.com/oauth2/api/v1/token&multiUser=false"
	},
	"LCAP": {
		"FullName": "",
		"Service": [],
		"sourceTemplate": {
			"id": "html5moduletemplates.basicSAPUI5ApplicationProjectModule",
			"version": "1.40.12"
		}
	},
	"Build": {
		"SourceMap": true,
		"WMF": false,
		"TSTarget": "es6"
	}
}